	fqid	enum	room	obj_type	notification	observation	speakers	text	count_boxes	num_sentences	count_bang	count_qmark	num_speakers	num_words	num_syllable_estimate	words_per_sentence	est_syllable_per_word	flesch_kinkaid
0	tunic.drycleaner.frontdesk.logbook	139	frontdesk	objects	True	False	['Jolie']	Gotta find the entry for this slip.	1	1	0	0	1	7	9	7.0	1.2857142857142858	2.3114285714285714
1	tunic.drycleaner.frontdesk.logbook.page.bingo	22	frontdesk	objects	True	False	['Jolie']	Theodora Youmans must be the owner!	1	1	1	0	1	6	10	6.0	1.6666666666666667	6.416666666666668
2	tunic.drycleaner.frontdesk.worker.takealook	141	frontdesk	persons	False	False	['worker', 'Jolie']	Take a look!	1	1	1	0	2	3	3	3.0	1.0	-2.619999999999999
3	tunic.drycleaner.frontdesk.worker.hub	21	frontdesk	persons	False	False	['worker', 'Jolie']	Hi! *cough* Can you help- *cough cough* Can you help me- *COUGH COUGH COUGH* Um, are you okay? Oh, I'm fine! Just a little hoarse. Ha! What do you call a pony with a sore throat? Huh? A little horse! Ha! You're funny. I got that one from my Gramps! Can you help me? I need to find the owner of this slip. Well, I can't show our log books to just anybody. Please? It's for Grampa Leo. He's a historian! Leo... you mean Leopold? Your gramps is awesome! Always full of stories. Yup, that's him! Guess it couldn't hurt to let you take a look. Here's the log book.	21	24	9	6	2	110	135	4.583333333333333	1.2272727272727273	0.6793181818181822
4	tunic.drycleaner.frontdesk.worker.done	23	frontdesk	persons	False	False	['worker', 'Jolie']	Do you know who Theodora Youmans is? Hmmm... not sure. Why don't you try the library? Unless you're too busy horsing around. Ha! Good one. Thanks for the help!	5	8	2	2	2	29	40	3.625	1.3793103448275863	2.09961206896552
5	tunic.drycleaner.frontdesk.worker.done2	140	frontdesk	persons	False	False	['worker', 'Jolie']	Nice seeing you, Jolie!	1	1	1	0	2	4	5	4.0	1.25	0.7199999999999989
6	tunic.drycleaner.frontdesk.block_0	137	frontdesk	observations	False	True	['Jolie']	I should find out if she can help me!	1	1	1	0	1	9	9	9.0	1.0	-0.27999999999999936
7	tunic.drycleaner.frontdesk.block_1	138	frontdesk	observations	False	True	['Jolie']	I should check that logbook to see who owned this slip...	1	1	0	0	1	11	13	11.0	1.1818181818181819	2.645454545454548
8	tunic.capitol_2.hall.chap4_finale_c	69	hall	cutscenes	False	False	['boss', 'Jolie']	Jolie! Where have you been? Wells got in trouble for littering at the Wildlife Center. PLEASE tell me you're doing better than he is. I'm doing great! I figured out the flag! Good. Let's hear it. I'm glad I put you on the case. Thanks! Looks like your work here is done. I'll see you tomorrow at the exhibit! Are you going home now? Tomorrow's the big day! Gramps and I are going to the park by my house. I want to run around and play! Isn't that Governor Nelson Park? Huh? You know, the guy who started Earth Day! He got a park named after him? Cool!	16	21	9	5	2	108	138	5.142857142857143	1.2777777777777777	1.493492063492063
9	tunic.capitol_2.hall.boss.chap4_finale_2_fail	180	hall	persons	False	False	['boss', 'Jolie']	That doesn't prove your case.	1	1	0	0	2	5	6	5.0	1.2	0.5199999999999996
10	tunic.capitol_2.hall.boss.chap4_finale_2	72	hall	persons	False	False	['boss', 'Jolie']	It's an ecology flag! Hmm. What does that symbol have to do with ecology?	2	3	1	1	2	14	21	4.666666666666667	1.5	3.9300000000000033
11	tunic.capitol_2.hall.boss.chap4_finale_3	73	hall	persons	False	False	['boss', 'Jolie']	"It's a theta symbol, which also looks like the letters \""e\"" and \""o\"" combined. The \""e\"" stands for \""ecology\"" and the \""o\"" stands for \""organism\""! Fascinating! Do you know how our flag was used?"	4	4	2	1	2	34	48	8.5	1.411764705882353	4.383823529411767
12	tunic.capitol_2.hall.boss.chap4_finale_4_fail	182	hall	persons	False	False	['boss', 'Jolie']	That doesn't prove your case.	1	1	0	0	2	5	6	5.0	1.2	0.5199999999999996
13	tunic.capitol_2.hall.boss.chap4_finale_4	74	hall	persons	False	False	['boss', 'Jolie']	Governor Nelson gave a speech in front of our flag on the very first Earth Day! How exciting! Governor Nelson helped launch a huge conservation movement! Did you find any photos for the exhibit?	4	4	3	1	2	34	53	8.5	1.5588235294117647	6.119117647058825
14	tunic.capitol_2.hall.boss.chap4_finale_3_fail	181	hall	persons	False	False	['boss', 'Jolie']	That doesn't prove your case.	1	1	0	0	2	5	6	5.0	1.2	0.5199999999999996
15	tunic.capitol_2.hall.boss.chap4_finale_5	75	hall	persons	False	False	['boss', 'Jolie']	Here are some photos of activists marching on the Capitol. They're carrying home-made ecology flags! Nice work, Jolie! Those are the real Wisconsin Wonders... Ordinary people standing up for what they believe in!	5	5	3	0	2	34	60	6.8	1.7647058823529411	7.885529411764708
16	tunic.capitol_2.hall.boss.haveyougotit	184	hall	persons	False	False	['boss', 'Jolie']	Jolie! I was hoping you'd stop by. Any news on the flag artifact? I haven't quite figured it out just yet... Well, get on it. I'm counting on you to figure this out!	3	6	2	1	2	33	45	5.5	1.3636363636363635	2.6459090909090897
17	tunic.capitol_2.hall.boss.chap4_finale_5_fail	183	hall	persons	False	False	['boss', 'Jolie']	I'm not sure that's relevant here...	1	1	0	0	2	6	9	6.0	1.5	4.450000000000003
18	tunic.capitol_2.hall.boss.chap4_finale_0_fail	178	hall	persons	False	False	['boss', 'Jolie']	That doesn't prove your case.	1	1	0	0	2	5	6	5.0	1.2	0.5199999999999996
19	tunic.capitol_2.hall.boss.chap4_finale_0	70	hall	persons	False	False	['boss', 'Jolie']	Was Wells right? Is the symbol a deer hoof?	2	2	0	2	2	9	10	4.5	1.1111111111111112	-0.7238888888888866
20	tunic.capitol_2.hall.boss.chap4_finale_1_fail	179	hall	persons	False	False	['boss', 'Jolie']	That doesn't prove your case.	1	1	0	0	2	5	6	5.0	1.2	0.5199999999999996
21	tunic.capitol_2.hall.boss.chap4_finale_1	71	hall	persons	False	False	['boss', 'Jolie']	I checked at the Wildlife Center. It's not a deer hoof! Hmmm. Then what is our flag?	2	4	1	1	2	17	21	4.25	1.2352941176470589	0.6439705882352946
22	tunic.capitol_3.hall.chap5_finale_c	79	hall	cutscenes	False	False	['wells', 'crowd', 'jolie', 'Jolie']	Our next artifact is this spectacular women's suffrage tunic! This shirt belonged to Theodora Youmans... I still say taxidermy would've been better. Admit it, you think Teddy's cute. Sure, for a weasel. *sigh* Hey, I almost forgot. The boss has one more badge for you! Ooh! What badge? History Detective. She wants you to keep helping out around here. YES!!! I'm gonna need an office, and a flashlight, and night vision goggles... Don't get carried away. Ha! Carried away? I'm just getting started. Jo Wilder is on the case!	16	18	8	2	4	89	137	4.944444444444445	1.5393258426966292	4.502378277153561
23	tunic.capitol_3.hall.gramps.hub	187	hall	persons	False	False	['gramps', 'Jolie']	null	1	1	0	0	2	1	1	1.0	1.0	-3.3999999999999986
24	tunic.capitol_3.hall.crowd.hub	186	hall	persons	False	False	['crowd', 'Jolie']	null	1	1	0	0	2	1	1	1.0	1.0	-3.3999999999999986
25	tunic.capitol_3.hall.teddy.speak	188	hall	persons	False	False	['teddy', 'Jolie']	null	1	1	0	0	2	1	1	1.0	1.0	-3.3999999999999986
26	tunic.library.microfiche.reader.paper2.bingo	25	microfiche	objects	True	False	['Jolie']	She helped get votes for women!	1	1	1	0	1	6	9	6.0	1.5	4.450000000000003
27	tunic.library.microfiche.reader	152	microfiche	objects	True	False	['Jolie']	Where are you Theodora?	1	1	0	1	1	4	8	4.0	2.0	9.57
28	tunic.library.microfiche.reader_flag.paper2.bingo	66	microfiche	objects	True	False	['Jolie']	Hey! That's Governor Nelson in front of our flag!	1	2	2	0	1	9	12	4.5	1.3333333333333333	1.8983333333333334
29	tunic.library.microfiche.block_0	151	microfiche	observations	False	True	['Jolie']	The libarian said I could find some information on Youmans in here...	1	1	0	0	1	12	19	12.0	1.5833333333333333	7.773333333333333
30	tunic.library.frontdesk.block_badge	142	frontdesk	cutscenes	False	False	['worker', 'Jolie']	Did you drop something, Dear?	1	1	0	1	2	5	7	5.0	1.4	2.879999999999999
31	tunic.library.frontdesk.wellsbadge.hub	26	frontdesk	objects	True	False	['Jolie']	Wells! What was he doing here? I should ask the librarian.	1	3	1	1	1	11	14	3.6666666666666665	1.2727272727272727	0.8581818181818193
32	tunic.library.frontdesk.worker.flag	65	frontdesk	persons	False	False	['worker', 'Jolie']	Welcome back, Dear! How can I help you? I need to learn more about this flag! It has something to do with ecology. Hmm... those stripes remind me of the American flag. Your flag must have been part of a national movement! Go check the microfiche. Maybe you'll find something!	6	9	4	1	2	50	74	5.555555555555555	1.48	4.04066666666667
33	tunic.library.frontdesk.worker.hello	24	frontdesk	persons	False	False	['worker', 'Jolie']	Oh, hello there! You look like you're on a mission. Two missions, actually! Have you seen a badger around here? I'm afraid not. Please let me know if you do. It's important! I'm also looking for Theodora Youmans. Have you heard of her? Theodora Youmans? Of course! Check out our microfiche. It's right through that door.	9	13	4	3	2	56	82	4.3076923076923075	1.4642857142857142	3.3685714285714283
34	tunic.library.frontdesk.worker.droppedbadge	145	frontdesk	persons	False	False	['worker', 'Jolie']	Did you drop something, Dear? There's a card on the floor.	1	2	0	1	2	11	14	5.5	1.2727272727272727	1.5731818181818191
35	tunic.library.frontdesk.worker.preflag	149	frontdesk	persons	False	False	['worker', 'Jolie']	It's such a nice fall day.	1	1	0	0	2	6	6	6.0	1.0	-1.4499999999999993
36	tunic.library.frontdesk.worker.hello_short	147	frontdesk	persons	False	False	['worker', 'Jolie']	Weren't you going to check out our microfiche? I'm sure you'll find Theodora in there somewhere!	2	2	1	1	2	16	26	8.0	1.625	6.705000000000002
37	tunic.library.frontdesk.worker.wells_recap	150	frontdesk	persons	False	False	['worker', 'Jolie']	Where should I go again? You could try the archivist. Maybe he can help you find Wells!	2	3	1	1	2	17	22	5.666666666666667	1.2941176470588236	1.8905882352941177
38	tunic.library.frontdesk.worker.nelson_recap	148	frontdesk	persons	False	False	['worker', 'Jolie']	Check out the archives. They've got tons of old photos!	1	2	1	0	2	10	14	5.0	1.4	2.879999999999999
39	tunic.library.frontdesk.worker.nelson	67	frontdesk	persons	False	False	['worker', 'Jolie']	I found the flag! Governor Nelson used it on the first Earth Day! Wow! You figured it out! Now I just need some old photos, like last time. The boss is gonna love it!!! You could try the archives. Though the archivist might be too busy to help... Oh, trust me. He'll make time.	7	10	7	0	2	54	66	5.4	1.2222222222222223	0.9382222222222261
40	tunic.library.frontdesk.worker.wells	27	frontdesk	persons	False	False	['worker', 'Jolie']	"What was Wells doing here? He was looking for a taxidermist. What's a taxidermist? Not sure. Here, let me look it up. Oh my! \""Taxidermy: the art of preparing, stuffing, and mounting the skins of animals.\"" Oh no... Teddy! I need to find Wells right away!! Do you know where he is? You could ask the archivist. He knows everybody!"	9	12	5	3	2	60	87	5.0	1.45	3.469999999999999
41	tunic.library.frontdesk.worker.flag_recap	146	frontdesk	persons	False	False	['worker', 'Jolie']	There are some old newspapers loaded up in the microfiche.	1	1	0	0	2	10	18	10.0	1.8	9.55
42	tunic.library.frontdesk.block_nelson	144	frontdesk	observations	False	True	['Jolie']	I should ask the librarian where to go next.	1	1	0	0	1	9	12	9.0	1.3333333333333333	3.653333333333336
43	tunic.library.frontdesk.block_badge_2	143	frontdesk	observations	False	True	['Jolie']	I should ask the librarian why Wells was here.	1	1	0	0	1	9	12	9.0	1.3333333333333333	3.653333333333336
44	tunic.kohlcenter.halloffame.togrampa	7	halloffame	cutscenes	False	False	['Jolie']	Our shirt is too old to be a basketball jersey! I need to get to the Capitol and tell Gramps!	2	2	2	0	1	20	25	10.0	1.25	3.0599999999999987
45	tunic.kohlcenter.halloffame.plaque.face.date	6	halloffame	objects	True	False	['Jolie']	The slip is from 1916 but the team didn't start until 1974!	1	1	1	0	1	12	13	12.0	1.0833333333333333	1.8733333333333313
46	tunic.kohlcenter.halloffame.plaque.face	102	halloffame	objects	True	False	['Jolie']	Anything useful on here?	1	1	0	1	1	4	9	4.0	2.25	12.52
47	tunic.kohlcenter.halloffame.block_0	100	halloffame	observations	False	True	['Jolie']	Gramps said to look for clues. Better look around.	1	2	0	0	1	9	11	4.5	1.2222222222222223	0.5872222222222234
48	tunic.kohlcenter.halloffame.block_1	101	halloffame	observations	False	True	['Jolie']	Maybe I should take a closer look at that plaque...	1	1	0	0	1	10	13	10.0	1.3	3.650000000000002
49	tunic.flaghouse.entry.colorbook	63	entry	objects	True	False	['Jolie']	Ooh... \Ecology flag by Ron Cobb.\	1	2	0	0	1	6	9	3.0	1.5	3.2800000000000047
50	tunic.flaghouse.entry.flag_girl.symbol_recap	177	entry	persons	False	False	['flag_girl', 'Jolie']	If I were you, I'd go to the library and do some digging.	1	1	0	0	2	13	17	13.0	1.3076923076923077	4.91076923076923
51	tunic.flaghouse.entry.flag_girl.hello_recap	176	entry	persons	False	False	['flag_girl', 'Jolie']	There should be some info about that symbol in my book.	1	1	0	0	2	11	15	11.0	1.3636363636363635	4.790909090909089
52	tunic.flaghouse.entry.flag_girl.hello	62	entry	persons	False	False	['flag_girl', 'Jolie']	Hey, nice dog! What breed is he? Actually, he's a badger. Oh, cool! I've never seen a badger in real life. You've got a million flags here! Yep. I'm a vexillophile! A vexy-wha? It just means flag expert. How can I help? I'm investigating this flag. Can you take a look? Hey, I've seen that symbol before! Check it out!	10	15	6	4	2	61	84	4.066666666666666	1.3770491803278688	2.2451803278688516
53	tunic.flaghouse.entry.flag_girl.symbol	64	entry	persons	False	False	['flag_girl', 'Jolie']	It's an ecology flag! Do you know what this flag was used for? I'm not sure. If I were you, I'd go to the library and do some digging. Good idea. Thanks!	5	6	2	1	2	32	40	5.333333333333333	1.25	1.2399999999999984
54	tunic.wildlife.center.tracks.hub.deer	58	center	objects	True	False	['Jolie']	That hoofprint doesn't match the flag!	1	1	1	0	1	6	7	6.0	1.1666666666666667	0.5166666666666693
55	tunic.wildlife.center.wells.animals2	174	center	persons	False	False	['wells', 'Jolie']	Ugh... I think that lynx is looking at me funny.	1	2	0	0	2	10	12	5.0	1.2	0.5199999999999996
56	tunic.wildlife.center.wells.animals	60	center	persons	False	False	['wells', 'Jolie']	Gah. I can't believe this. I'm a historian, not a zookeeper! And this place is dirty, and itchy, and- I love it! Of course you do. You've got a rodent following you around. Actually, badgers aren't rodents- Whatever.	7	7	2	0	2	38	60	5.428571428571429	1.5789473684210527	5.158721804511277
57	tunic.wildlife.center.wells.nodeer_recap	175	center	persons	False	False	['wells', 'Jolie']	My friend is a flag expert. She should be able to help you out.	2	2	0	0	2	14	16	7.0	1.1428571428571428	0.6257142857142846
58	tunic.wildlife.center.wells.nodeer	61	center	persons	False	False	['wells', 'Jolie']	So? What'd you find out? Looks like it's not a deer hoof. Great. Just great. Could this day get any worse?! Hey, Wells... I think I can help with your animal problem. Ha! I don't need your help. Fine. Then I guess you don't want a real, live badger for the exhibit. Wait! What?! Really? Wells, meet Teddy. üòä He says he'd be willing to help out. Yes!!! I'm saved! A real, live ferret! He's. A. Badger. And we still need to figure out that flag! Fine, fine. Let's see... Actually, I went to school with somebody who LOVES old flags. Why don't you go talk to her? I'll let her know you're coming.	18	29	10	6	2	113	137	3.896551724137931	1.2123893805309736	0.23584986267928265
59	tunic.wildlife.center.fox.concern	173	center	persons	False	False	['fox', 'Jolie']	What is it, Teddy? Oh no... they got sick from polluted water? Poor foxes!	3	4	1	2	2	14	19	3.5	1.3571428571428572	1.7892857142857146
60	tunic.wildlife.center.crane_ranger.crane	55	center	persons	False	False	['crane_ranger', 'Jolie']	Oh no! What happened to that crane? Her beak is stuck in a coffee cup. It's lucky we found her. Ugh! Those cups are all over the place. I need to get her free. She won't hold still! Can Teddy and I help? Sure! Give it a try. Careful. That beak is sharp! We need to calm her down, Teddy. Any ideas? üßò Yoga does sound nice. But cranes can't do yoga, Teddy! üç© Cranes don't eat donuts! Besides, you just ate my last snack. ü¶ó Oh yeah, cranes eat insects! Luckily there are tons of insects around here... Got one! Maybe she'll let me take off the cup!	21	23	10	3	2	106	141	4.608695652173913	1.330188679245283	1.9036177194421668
61	tunic.wildlife.center.expert.recap	172	center	persons	False	False	['expert', 'Jolie']	Thanks for your help, kid!	1	1	1	0	2	5	5	5.0	1.0	-1.8399999999999999
62	tunic.wildlife.center.expert.removed_cup	57	center	persons	False	False	['expert', 'Jolie']	You did it! Thanks, kid. Can I help you with anything? I'm investigating this symbol. Does it look like a deer hoof? There's a diagram of animal tracks over there. Go take a look!	6	7	2	2	2	34	47	4.857142857142857	1.3823529411764706	2.6160504201680688
63	tunic.wildlife.center.coffee	59	center	observations	False	True	['Jolie']	People sure drink a lot of coffee around here.	1	1	0	0	1	9	13	9.0	1.4444444444444444	4.964444444444446
64	tunic.wildlife.center.remove_cup	56	center	observations	False	True	['Jolie']	It's OK, girl! Look, I found you a cricket!	1	2	2	0	1	9	10	4.5	1.1111111111111112	-0.7238888888888866
65	tunic.capitol_1.hall.chap2_finale_c	30	hall	cutscenes	False	False	['gramps', 'wells', 'boss', 'Jolie']	Ooh, nice decorations! Thanks. Did you figure out the shirt? Yes! AND I know who took Teddy! Who on earth is Teddy? And where's your grampa? Here I am! Sorry for the delay, Boss. There was a bit of a... situation... in my office. Wells sabotaged Gramps! AND he stole Teddy!!! One step at a time, Jo. Did you figure out the shirt? I knew you could do it, Jo! Now can I tell you about Teddy?? We need to save him! Whew. You won't BELIEVE the day I've had! YOU! Huh? YOU STOLE TEDDY! I did no such thing! Wait- who's Teddy? Don't play dumb! Easy, Jo. Why don't you prove your case? Keep your chin up, Jo. We'll find Teddy! Nice work on the shirt, Jolie! Leopold, can you run back to the museum? The next artifact should've arrived by now. Sure thing, Boss! Jo, meet me back at my office. I hope you find your skunk, or whatever.	33	37	18	10	4	161	209	4.351351351351352	1.2981366459627328	1.425039449387274
66	tunic.capitol_1.hall.wells.hub	167	hall	persons	False	False	['wells', 'Jolie']	null	1	1	0	0	2	1	1	1.0	1.0	-3.3999999999999986
67	tunic.capitol_1.hall.wells.chap2_teddy_finale_3	41	hall	persons	False	False	['wells', 'Jolie']	The archivist saw Wells at Bean Town this morning! I DID get coffee, but that doesn't mean I stole your badger! You just said the archivist was at Bean Town, too. I stop at Bean Town every morning. But... there's more!	5	6	3	0	2	41	53	6.833333333333333	1.2926829268292683	2.328658536585369
68	tunic.capitol_1.hall.wells.chap2_teddy_finale_3_fail	166	hall	persons	False	False	['wells', 'Jolie']	That doesn't prove your case.	1	1	0	0	2	5	6	5.0	1.2	0.5199999999999996
69	tunic.capitol_1.hall.gramps.chap2_teddy_finale_0	38	hall	persons	False	False	['gramps', 'Jolie']	Alright. Teddy is my pet badger. He was napping in Gramps's office... And someone kidnapped him! How do you know he was kidnapped?	5	5	1	1	2	23	35	4.6	1.5217391304347827	4.160521739130438
70	tunic.capitol_1.hall.gramps.chap2_teddy_finale_0_fail	163	hall	persons	False	False	['gramps', 'Jolie']	That doesn't prove your case.	1	1	0	0	2	5	6	5.0	1.2	0.5199999999999996
71	tunic.capitol_1.hall.gramps.chap2_teddy_finale_2	40	hall	persons	False	False	['gramps', 'Jolie']	I found a coffee cup from Bean Town! And Gramps only drinks Holdgers! That's true. How does a coffee cup prove Wells took Teddy?	4	4	2	1	2	24	30	6.0	1.25	1.5
72	tunic.capitol_1.hall.gramps.chap2_teddy_finale_4	42	hall	persons	False	False	['gramps', 'Jolie']	Wells was looking for a taxidermist! HE WANTS TO KILL TEDDY! Actually... I asked Wells to find a taxidermist. I want to have animals at the exhibit! I'd prefer live animals. But we need a back-up plan. Wha... but... Then who took Teddy??? No idea, kid. But it wasn't me.	10	12	3	3	2	51	71	4.25	1.392156862745098	2.494950980392158
73	tunic.capitol_1.hall.gramps.chap2_teddy_finale_4_fail	165	hall	persons	False	False	['gramps', 'Jolie']	That doesn't prove your case.	1	1	0	0	2	5	6	5.0	1.2	0.5199999999999996
74	tunic.capitol_1.hall.gramps.chap2_teddy_finale_2_fail	164	hall	persons	False	False	['gramps', 'Jolie']	That doesn't prove your case.	1	1	0	0	2	5	6	5.0	1.2	0.5199999999999996
75	tunic.capitol_1.hall.boss.chap2_finale_0	31	hall	persons	False	False	['boss', 'Jolie']	Yes! I solved it! So? What's the story? Well, remember that slip? What slip?	4	6	2	4	2	14	18	2.3333333333333335	1.2857142857142858	0.49142857142857466
76	tunic.capitol_1.hall.boss.chap2_finale_5_fail	158	hall	persons	False	False	['boss', 'Jolie']	That doesn't prove your case.	1	1	0	0	2	5	6	5.0	1.2	0.5199999999999996
77	tunic.capitol_1.hall.boss.chap2_finale_3_fail	156	hall	persons	False	False	['boss', 'Jolie']	That doesn't prove your case.	1	1	0	0	2	5	6	5.0	1.2	0.5199999999999996
78	tunic.capitol_1.hall.boss.writeitup	162	hall	persons	False	False	['boss', 'Jolie']	Head back to the museum. Your gramps is waiting for you.	1	2	0	0	2	11	13	5.5	1.1818181818181819	0.5004545454545486
79	tunic.capitol_1.hall.boss.chap2_finale_1	32	hall	persons	False	False	['boss', 'Jolie']	Okay. What did you find out? It's a dry cleaning receipt! How do you know?	3	4	1	2	2	15	18	3.75	1.2	0.03250000000000064
80	tunic.capitol_1.hall.boss.chap2_teddy_finale_1_fail	160	hall	persons	False	False	['boss', 'Jolie']	That doesn't prove your case.	1	1	0	0	2	5	6	5.0	1.2	0.5199999999999996
81	tunic.capitol_1.hall.boss.chap2_finale_4_fail	157	hall	persons	False	False	['boss', 'Jolie']	That doesn't prove your case.	1	1	0	0	2	5	6	5.0	1.2	0.5199999999999996
82	tunic.capitol_1.hall.boss.chap2_finale_6	37	hall	persons	False	False	['boss', 'Jolie']	Wow! That's her! So Youmans wore this shirt in women's rights marches! What a fantastic piece of history- and what impeccable research!	4	4	4	0	2	22	34	5.5	1.5454545454545454	4.791363636363638
83	tunic.capitol_1.hall.boss.chap2_teddy_finale_1	39	hall	persons	False	False	['boss', 'Jolie']	I found his scarf! Teddy would NEVER leave without his scarf! Alright, everybody hold up- Are you telling me there's a LIVE badger in MY museum? WE'LL DEAL WITH THAT LATER, MRS. M. Watch it, Jo. Did you find any other clues?	7	7	2	2	2	42	59	6.0	1.4047619047619047	3.326190476190476
84	tunic.capitol_1.hall.boss.chap2_finale_2_fail	155	hall	persons	False	False	['boss', 'Jolie']	That doesn't prove your case.	1	1	0	0	2	5	6	5.0	1.2	0.5199999999999996
85	tunic.capitol_1.hall.boss.haveyougotit	161	hall	persons	False	False	['boss', 'Jolie']	Jolie! I was hoping you'd stop by. Any news on the shirt artifact? I haven't quite figured it out just yet... Well, get on it. I'm counting on you and your gramps to figure this out!	3	6	2	1	2	36	48	6.0	1.3333333333333333	2.4833333333333343
86	tunic.capitol_1.hall.boss.chap2_finale_4	35	hall	persons	False	False	['boss', 'Jolie']	The shirt belonged to Theodora Youmans! Hmm. I've heard that name before. Who is Theodora Youmans? I had the same question. So I went to the library to get some answers.	5	6	1	1	2	31	46	5.166666666666667	1.4838709677419355	3.9346774193548413
87	tunic.capitol_1.hall.boss.chap2_finale_5	36	hall	persons	False	False	['boss', 'Jolie']	Of course! Youmans was a suffragist! Yep! She fought to get women the right to vote. Very good, Jolie! The fight for women's suffrage is an important part of Wisconsin history. But where does the shirt come in?	5	7	4	1	2	38	55	5.428571428571429	1.4473684210526316	3.6060902255639142
88	tunic.capitol_1.hall.boss.chap2_finale_1_fail	154	hall	persons	False	False	['boss', 'Jolie']	That doesn't prove your case.	1	1	0	0	2	5	6	5.0	1.2	0.5199999999999996
89	tunic.capitol_1.hall.boss.chap2_finale_6_fail	159	hall	persons	False	False	['boss', 'Jolie']	That doesn't prove your case.	1	1	0	0	2	5	6	5.0	1.2	0.5199999999999996
90	tunic.capitol_1.hall.boss.chap2_finale_2	33	hall	persons	False	False	['boss', 'Jolie']	An expert opinion. Good thinking! Where did you go from there? Well, I had to figure out WHICH cleaner the receipt was from. How did you narrow it down?	4	5	1	2	2	29	40	5.8	1.3793103448275863	2.94786206896552
91	tunic.capitol_1.hall.boss.chap2_finale_0_fail	153	hall	persons	False	False	['boss', 'Jolie']	That is definitely no slip...	1	1	0	0	2	5	9	5.0	1.8	7.600000000000001
92	tunic.capitol_1.hall.boss.chap2_finale_3	34	hall	persons	False	False	['boss', 'Jolie']	You found the right cleaner on the first try? What a lucky break! Gramps always says I'm his good luck charm! What did you do at the cleaner's? I wanted to find out who owned the shirt- So I checked the logbook.	6	5	2	2	2	42	50	8.4	1.1904761904761905	1.733619047619051
93	tunic.historicalsociety.collection.cs	4	collection	cutscenes	False	False	['gramps', 'Jolie']	Look at that! It's the bee's knees! Can we hurry up, Gramps? Teddy and I were gonna go climb that huge tree out back! Hmmm. Don't forget about your homework. Your teacher said you missed 7 assignments in a row! Well, I did SOME of those. I just couldn't find them! Did you do all of them? No... because history is boring! I suppose historians are boring, too? No way, Gramps. You're the best! Then do it for me! Your teacher said you could help me for extra credit. Go ahead, take a peek at the shirt!	13	18	9	3	2	97	126	5.388888888888889	1.2989690721649485	1.8395017182130609
94	tunic.historicalsociety.collection.slip	99	collection	objects	True	False	['Jolie']	I'll record this in my notebook.	1	1	0	0	1	6	9	6.0	1.5	4.450000000000003
95	tunic.historicalsociety.collection	96	collection	objects	True	False	['Jolie']	Guess I should look for clues.	1	1	0	0	1	6	6	6.0	1.0	-1.4499999999999993
96	tunic.historicalsociety.collection.gramps.found	5	collection	persons	False	False	['gramps', 'Jolie']	Find anything? Just this old slip from 1916. Hot Dog! I knew it! I'm not so sure that this is a basketball jersey. Wait, you mean Wells is wrong?! Could be. But we need evidence! Why don't you head to the Basketball Center and rustle up some clues? Ooh, I like clues! I'll be at the Capitol. Let me know if you find anything!	9	12	6	3	2	64	80	5.333333333333333	1.25	1.2399999999999984
97	tunic.historicalsociety.collection.gramps.lost	98	collection	persons	False	False	['gramps', 'Jolie']	Um... what did you want me to do again? Head over to the Basketball Center. Hopefully you can rustle up some clues!	3	4	1	1	2	22	31	5.5	1.4090909090909092	3.1822727272727285
98	tunic.historicalsociety.collection.gramps.look_0	97	collection	persons	False	False	['gramps', 'Jolie']	Have a look at the artifact!	1	1	1	0	2	6	8	6.0	1.3333333333333333	2.4833333333333343
99	tunic.historicalsociety.stacks.journals	120	stacks	objects	True	False	['Jolie']	I need to find more info about Theodora!	1	1	1	0	1	8	12	8.0	1.5	5.230000000000004
100	tunic.historicalsociety.stacks.journals_flag.pic_2.bingo	124	stacks	objects	True	False	['Jolie']	I should go to the Capitol and tell Mrs. M!	1	2	1	0	1	10	12	5.0	1.2	0.5199999999999996
101	tunic.historicalsociety.stacks.journals_flag.pic_0.bingo	122	stacks	objects	True	False	['Jolie']	I should go to the Capitol and tell Mrs. M!	1	2	1	0	1	10	12	5.0	1.2	0.5199999999999996
102	tunic.historicalsociety.stacks.journals_flag.pic_1.bingo	123	stacks	objects	True	False	['Jolie']	I should go to the Capitol and tell Mrs. M!	1	2	1	0	1	10	12	5.0	1.2	0.5199999999999996
103	tunic.historicalsociety.stacks.journals.pic_2.bingo	29	stacks	objects	True	False	['Jolie']	I should go to the Capitol and tell everyone!	1	1	1	0	1	9	14	9.0	1.5555555555555556	6.2755555555555596
104	tunic.historicalsociety.stacks.journals_flag	121	stacks	objects	True	False	['Jolie']	I need more context about how the flag was used.	1	1	0	0	1	10	12	10.0	1.2	2.4700000000000024
105	tunic.historicalsociety.stacks.outtolunch	125	stacks	observations	False	True	['Jolie']	Better check back later.	1	1	0	0	1	4	6	4.0	1.5	3.6700000000000017
106	tunic.historicalsociety.stacks.block	119	stacks	observations	False	True	['Jolie']	The archivist said I should look in the stacks.	1	1	0	0	1	9	11	9.0	1.2222222222222223	2.342222222222226
107	tunic.historicalsociety.collection_flag.gramps.flag	51	collection_flag	persons	False	False	['gramps', 'Jolie']	Teddy! I'm sure glad to see you. The archivist had him locked up! Gadzooks! Poor critter. You're becoming quite the detective, Jo. Notice any clues about this flag? Well... it looks hand-stitched. Aha! Good catch, Jo. Go on, tell the boss what you found!	8	12	5	1	2	45	64	3.75	1.4222222222222223	2.6547222222222224
108	tunic.historicalsociety.collection_flag.gramps.recap	171	collection_flag	persons	False	False	['gramps', 'Jolie']	Why don't you go talk to the boss? She's right outside.	2	2	0	1	2	11	13	5.5	1.1818181818181819	0.5004545454545486
109	tunic.historicalsociety.entry.groupconvo_flag	52	entry	cutscenes	False	False	['wells', 'boss', 'Jolie']	I'm telling you, Boss. Taxidermy is the way to go! Nonsense. I want live animals at the exhibit, not stuffed ones. Ah, Jolie! I'm glad you're here. I'm putting you in charge of the flag case. Make sure to get some old photos for the exhibit, like last time! Wait! Can't I do it? The symbol on the flag looks sort of like a deer hoof. It could be an early design for the Wisconsin state flag! Wells, you already have a job to do. Jolie, you can look into this deer hoof theory.	10	14	5	1	3	94	124	6.714285714285714	1.3191489361702127	2.5945288753799396
110	tunic.historicalsociety.entry.groupconvo	3	entry	cutscenes	False	False	['wells', 'gramps', 'boss', 'Jolie']	Let's get started. The Wisconsin Wonders exhibit opens tomorrow! Who wants to investigate the shirt artifact? Well, Leopold here is always losing papers... Hey! It's true, they do keep going missing lately. Ha. Told you so! Besides, I already figured out the shirt. It's a women's basketball jersey! That settles it. Wells, finish up your report. Leopold, why don't you help me set up in the Capitol? We need to talk about that missing paperwork. Will do, Boss. Hey Jo, let's take a look at the shirt!	14	16	5	2	4	87	130	5.4375	1.4942528735632183	4.162808908045978
111	tunic.historicalsociety.entry.directory.closeup.archivist	92	entry	objects	True	False	['Jolie']	The archivist must've taken Teddy!	1	1	1	0	1	5	10	5.0	2.0	9.96
112	tunic.historicalsociety.entry.wells.flag	53	entry	persons	False	False	['wells', 'Jolie']	What now, kid? Do you really think that symbol is a deer hoof? Not sure. Do I look like a deer expert to you?	3	4	0	3	2	24	27	6.0	1.125	0.025000000000000355
113	tunic.historicalsociety.entry.wells.talktogramps	95	entry	persons	False	False	['wells', 'Jolie']	Why don't you go play with your grampa?	1	1	0	1	2	8	9	8.0	1.125	0.8049999999999997
114	tunic.historicalsociety.entry.wells.flag_recap	94	entry	persons	False	False	['wells', 'Jolie']	Come on, kid. You're slowing me down.	1	2	0	0	2	7	9	3.5	1.2857142857142858	0.946428571428573
115	tunic.historicalsociety.entry.gramps.hub	93	entry	persons	False	False	['gramps', 'Jolie']	null	1	1	0	0	2	1	1	1.0	1.0	-3.3999999999999986
116	tunic.historicalsociety.entry.boss.flag	54	entry	persons	False	False	['boss', 'Jolie']	Do you know where I can find a deer expert? Hmm. You could try the Aldo Leopold Wildlife Center. Ugh. I have to head over there and check out the animals. I'll ride with you! FINE. That possum better not scratch my leather seats... He's a badger!	6	9	2	1	2	47	62	5.222222222222222	1.3191489361702127	2.0126241134751766
117	tunic.historicalsociety.entry.boss.talktogramps	91	entry	persons	False	False	['boss', 'Jolie']	Your grampa is waiting for you in the collection room.	1	1	0	0	2	10	14	10.0	1.4	4.830000000000002
118	tunic.historicalsociety.entry.boss.flag_recap	90	entry	persons	False	False	['boss', 'Jolie']	Head over to the Wildlife Center! I'm sure they'll be able to help.	2	2	1	0	2	13	18	6.5	1.3846153846153846	3.283461538461541
119	tunic.historicalsociety.entry.block_tomap1	88	entry	observations	False	True	['Jolie']	I should see what Gramps is up to!	1	1	1	0	1	8	8	8.0	1.0	-0.6699999999999982
120	tunic.historicalsociety.entry.block_tomap2	89	entry	observations	False	True	['Jolie']	I should go talk to Gramps!	1	1	1	0	1	6	6	6.0	1.0	-1.4499999999999993
121	tunic.historicalsociety.entry.block_tocollection	87	entry	observations	False	True	['Jolie']	I should see what Grampa is up to!	1	1	1	0	1	8	9	8.0	1.125	0.8049999999999997
122	tunic.historicalsociety.basement.savedteddy	50	basement	cutscenes	False	False	['Jolie']	Gramps must be up in the collection room. Let's go find him!	2	2	1	0	1	12	14	6.0	1.1666666666666667	0.5166666666666693
123	tunic.historicalsociety.basement.ch3start	43	basement	cutscenes	False	False	['gramps', 'Jolie']	Jo! Check out the next artifact! What is it? I think it's a flag! Pretty spiffy, eh? I don't have time for this, Gramps. Teddy is still missing! We'll find him, Jo. Want to look for more clues?	8	9	4	3	2	38	44	4.222222222222222	1.1578947368421053	-0.2801754385964905
124	tunic.historicalsociety.basement.seescratches	44	basement	cutscenes	False	False	['gramps', 'Jolie']	Hey, look at those scratches! The kidnapper probably took Teddy on the elevator! Great Scott, you‚Äôre right! Why isn't the button working? We'll need a key card. I had one, but Teddy chewed it up. I‚Äôve got Wells‚Äôs ID! Let's follow those scratch marks! Jo! I can't go with you. I need to take the artifact upstairs. It's okay, Gramps. I'll go by myself. Teddy, here I come!	11	14	7	1	2	71	95	5.071428571428571	1.3380281690140845	2.1765895372233395
125	tunic.historicalsociety.basement.gramps.whatdo	85	basement	persons	False	False	['gramps', 'Jolie']	We'll find Teddy. We just have to keep our eyes open!	2	2	1	0	2	11	13	5.5	1.1818181818181819	0.5004545454545486
126	tunic.historicalsociety.basement.gramps.seeyalater	84	basement	persons	False	False	['gramps', 'Jolie']	I'll be in the collection room. Come find me when you're ready to check out the artifact. Good luck!	2	3	1	0	2	19	25	6.333333333333333	1.3157894736842106	2.4063157894736875
127	tunic.historicalsociety.basement.janitor	86	basement	observations	False	True	['Jolie']	This button never works!	1	1	1	0	1	4	6	4.0	1.5	3.6700000000000017
128	tunic.historicalsociety.cage.confrontation	49	cage	cutscenes	False	False	['boss', 'archivist', 'Jolie']	Hey! What are you doing down here? GRRRRRRR GAH! And what is THAT doing out of its cage?! You stole Teddy! How could you?! What's going on here? Thanks for coming, Boss. I told you! I captured a badger in our museum! He's been eating my lunch every day this week! No he hasn't! üòê Teddy! Did you really eat his lunch? üòê Did you steal Gramps's paperwork too?! üòê And my homework?!?! üòê See?! That thing's a monster! I don't have time for this. Jolie- keep your badger under control, or he'll have to go. YEAH! And you, Frank- YEAH! Wait- me? You can't just steal Jolie's pet. Don't you know badgers are protected animals? Besides, he looks friendly to me. Wha?! Ugh. Fine. üòù Alright, Jolie. Back to work. Your grampa is waiting for you in the collection room. Come on, Teddy. Let's go find Gramps!	35	34	19	12	3	143	184	4.205882352941177	1.2867132867132867	1.2335109008638412
129	tunic.historicalsociety.cage.unlockdoor	48	cage	cutscenes	False	False	['teddy', 'Jolie']	I found the key! ‚ù§Ô∏è Come on, let's get out of here! Here's your scarf back!	4	3	3	0	2	15	17	5.0	1.1333333333333333	-0.2666666666666657
130	tunic.historicalsociety.cage.glasses.afterteddy	46	cage	persons	False	False	['glasses', 'Jolie']	Whoever lost these glasses probably took Teddy! How can I find out whose glasses these are? Oh! There was a staff directory in the entryway! I'll go look at everyone's pictures!	4	5	4	1	2	31	52	6.2	1.6774193548387097	6.621548387096777
131	tunic.historicalsociety.cage.glasses.beforeteddy	168	cage	persons	False	False	['glasses', 'Jolie']	I wonder whose glasses these are.	1	1	0	0	2	6	11	6.0	1.8333333333333333	8.383333333333333
132	tunic.historicalsociety.cage.teddy.trapped	45	cage	persons	False	False	['teddy', 'Jolie']	Teddy!!! üò≠ Hang on. I‚Äôll get you out of there!	3	3	4	0	2	10	12	3.3333333333333335	1.2	-0.129999999999999
133	tunic.historicalsociety.cage.need_glasses	170	cage	observations	False	True	['Jolie']	I should check out that pair of glasses.	1	1	0	0	1	8	9	8.0	1.125	0.8049999999999997
134	tunic.historicalsociety.cage.lockeddoor	169	cage	observations	False	True	['Jolie']	It‚Äôs locked!	1	1	1	0	1	3	4	3.0	1.3333333333333333	1.3133333333333361
135	tunic.historicalsociety.frontdesk.archivist.need_glass_0	128	frontdesk	persons	False	False	['archivist', 'Jolie']	Can't believe I lost my reading glasses.	1	1	0	0	2	7	11	7.0	1.5714285714285714	5.682857142857145
136	tunic.historicalsociety.frontdesk.archivist.hello	16	frontdesk	persons	False	False	['archivist', 'Jolie']	I need your help! *grumble grumble* And you are? I'm Leopold's grandkid! I don't have time for kids. Now if only I could read this thing. Blasted tiny letters...	6	6	2	1	2	29	38	4.833333333333333	1.3103448275862069	1.7570689655172416
137	tunic.historicalsociety.frontdesk.archivist.have_glass	18	frontdesk	persons	False	False	['archivist', 'Jolie']	Ah, that's better! Did you have a question? Yes! I was wondering- Wait a minute! Where did you get that coffee? Oh, that's from Bean Town. I ran into Wells there this morning. Wells? I knew it! Knew what? Did you have a question or not? Yes! Do you know anything about this slip? I found it on an old shirt. An old shirt? Try the university. You can talk to a textile expert there. What's a textile expert? They study clothes and fabric. Great! Thanks for the help!	18	21	7	8	2	89	118	4.238095238095238	1.3258426966292134	1.707800963081862
138	tunic.historicalsociety.frontdesk.archivist.need_glass_1	129	frontdesk	persons	False	False	['archivist', 'Jolie']	I used to have a magnifying glass around here‚Ä¶	1	1	0	0	2	9	13	9.0	1.4444444444444444	4.964444444444446
139	tunic.historicalsociety.frontdesk.archivist.have_glass_recap	127	frontdesk	persons	False	False	['archivist', 'Jolie']	You're still here? I'm trying to work! Run along to the university. You can talk to a textile expert there.	3	4	1	1	2	20	31	5.0	1.55	4.650000000000002
140	tunic.historicalsociety.frontdesk.archivist.newspaper_recap	130	frontdesk	persons	False	False	['archivist', 'Jolie']	What are you waiting for? The Stacks are right outside the door.	1	2	0	1	2	12	17	6.0	1.4166666666666667	3.4666666666666686
141	tunic.historicalsociety.frontdesk.archivist.newspaper	28	frontdesk	persons	False	False	['archivist', 'Jolie']	I need to find Wells!!! Calm down, kid. I haven't seen him. I can't calm down. This is important! Sorry, can't help you. Ugh. Fine. Do you have any info on Theodora Youmans? Theodora Youmans? Is that who owned the shirt? Yep. Why didn't you say so? Youmans was a suffragist here in Wisconsin. She led marches and helped women get the right to vote! Wait a sec. Women couldn't vote?! Nope. But Youmans and other suffragists worked hard to change that. Thanks to them, Wisconsin was the first state to approve votes for women! Wow! Here's a call number to find more info in the Stacks. Where are the Stacks? Right outside the door.	18	24	8	6	2	115	158	4.791666666666667	1.373913043478261	2.4909239130434777
142	tunic.historicalsociety.frontdesk.archivist.foundtheodora	126	frontdesk	persons	False	False	['archivist', 'Jolie']	I found it! Theodora wearing the shirt! You better get to the capitol!	3	3	3	0	2	13	19	4.333333333333333	1.4615384615384615	3.3461538461538467
143	tunic.historicalsociety.frontdesk.archivist_glasses.confrontation	68	frontdesk	persons	False	False	['archivist_glasses', 'Jolie']	You again! Don't let him hurt me! üôÑ Actually, we're just here for some photos. It's for the flag display! Wait a minute... YOU'RE the new history detective everybody's talking about? Guess so! YOU?! Teddy's helping too. What kind of photos do you need? Something to do with ecology and Wisconsin. Here's a call number for the Stacks. Go find some photos. Just please, don't let your badger eat them!	13	14	6	3	2	69	105	4.928571428571429	1.5217391304347827	4.288664596273296
144	tunic.historicalsociety.frontdesk.archivist_glasses.confrontation_recap	131	frontdesk	persons	False	False	['archivist_glasses', 'Jolie']	The Stacks are right outside the door. Go find some photos!	1	2	1	0	2	11	15	5.5	1.3636363636363635	2.6459090909090897
145	tunic.historicalsociety.frontdesk.magnify	17	frontdesk	observations	False	True	['Jolie']	I bet the archivist could use this!	1	1	1	0	1	7	10	7.0	1.4285714285714286	3.997142857142858
146	tunic.historicalsociety.frontdesk.block_magnify	132	frontdesk	observations	False	True	['Jolie']	I don't need that right now.	1	1	0	0	1	6	6	6.0	1.0	-1.4499999999999993
147	tunic.historicalsociety.frontdesk.key	47	frontdesk	observations	False	True	['Jolie']	Yes! It's the key for Teddy's cage!	1	2	2	0	1	7	8	3.5	1.1428571428571428	-0.7392857142857139
148	tunic.historicalsociety.closet_dirty.trigger_coffee	14	closet_dirty	cutscenes	False	False	['gramps', 'Jolie']	Is this your coffee, Gramps? Nope, that's from Bean Town. I only drink Holdgers!	2	3	1	1	2	14	17	4.666666666666667	1.2142857142857142	0.5585714285714296
149	tunic.historicalsociety.closet_dirty.trigger_scarf	13	closet_dirty	cutscenes	False	False	['gramps', 'Jolie']	Teddy's scarf! Somebody must've taken him! Try not to panic, Jo. Maybe he just got scared and ran off. But he never goes anywhere without his scarf! I think he's in trouble!	5	6	4	0	2	32	47	5.333333333333333	1.46875	3.8212500000000027
150	tunic.historicalsociety.closet_dirty.what_happened	12	closet_dirty	cutscenes	False	False	['gramps', 'Jolie']	What the- What happened here?! I don't know! I got here and the whole place was ransacked!	4	3	3	1	2	17	25	5.666666666666667	1.4705882352941178	3.9729411764705915
151	tunic.historicalsociety.closet_dirty.door_block_clean	113	closet_dirty	cutscenes	False	False	['Jolie']	I should help Gramps clean. Maybe there's a clue in this mess!	2	2	1	0	1	12	14	6.0	1.1666666666666667	0.5166666666666693
152	tunic.historicalsociety.closet_dirty.door_block_talk	114	closet_dirty	cutscenes	False	False	['Jolie']	Poor Gramps! I should make sure he's okay.	1	2	1	0	1	8	9	4.0	1.125	-0.754999999999999
153	tunic.historicalsociety.closet_dirty.gramps.archivist	115	closet_dirty	persons	False	False	['gramps', 'Jolie']	What should I do first? Head upstairs and talk to the archivist. He might be able to help!	2	3	1	1	2	18	22	6.0	1.2222222222222223	1.1722222222222243
154	tunic.historicalsociety.closet_dirty.gramps.nothing	117	closet_dirty	persons	False	False	['gramps', 'Jolie']	So much cleaning to do...	1	1	0	0	2	5	6	5.0	1.2	0.5199999999999996
155	tunic.historicalsociety.closet_dirty.gramps.news	15	closet_dirty	persons	False	False	['gramps', 'Jolie']	"Who could've done this? I have an idea. He's wrong about old shirts and his name rhymes with \""smells\""... Hold your horses, Jo. BUT WELLS STOLE TEDDY! Could be. But we need evidence. Fine. Let's investigate! I'm afraid my papers have gone missing in this mess. You'll have to get started without me. Don't worry, Gramps. I'll find Teddy! And I'll figure out the shirt, too. I knew I could count on you, Jo! Why don't you go upstairs and see the archivist? He's our expert record keeper."	14	17	4	2	2	88	117	5.176470588235294	1.3295454545454546	2.117459893048128
156	tunic.historicalsociety.closet_dirty.gramps.helpclean	116	closet_dirty	persons	False	False	['gramps', 'Jolie']	Can you help me tidy up?	1	1	0	1	2	6	7	6.0	1.1666666666666667	0.5166666666666693
157	tunic.historicalsociety.closet_dirty.photo	118	closet_dirty	observations	False	True	['Jolie']	I love these photos of me and Teddy.	1	1	0	0	1	8	11	8.0	1.375	3.7550000000000026
158	tunic.historicalsociety.closet.notebook	2	closet	objects	True	False	['Jolie']	Found it!	1	1	1	0	1	2	2	2.0	1.0	-3.01
159	tunic.historicalsociety.closet.retirement_letter.hub	83	closet	objects	True	False	['Jolie']	Gramps is the best historian ever!	1	1	1	0	1	6	9	6.0	1.5	4.450000000000003
160	tunic.historicalsociety.closet.gramps.intro_0_cs_0	0	closet	persons	False	False	['gramps', 'Jolie']	Whatcha doing over there, Jo? Just talking to Teddy. I gotta run to my meeting! Meetings are BORING! Grab your notebook and come upstairs!	5	5	3	1	2	24	37	4.8	1.5416666666666667	4.47366666666667
161	tunic.historicalsociety.closet.teddy.intro_0_cs_0	1	closet	persons	False	False	['teddy', 'Jolie']	Hang tight, Teddy. I'll hurry back and then we can go exploring! Now where did I put my notebook? üò¥	4	4	1	1	2	19	26	4.75	1.368421052631579	2.409868421052632
162	tunic.historicalsociety.closet.teddy.intro_0_cs_5	80	closet	persons	False	False	['teddy', 'Jolie']	üò¥	1	1	0	0	2	0	0	0.0		
163	tunic.historicalsociety.closet.photo	82	closet	observations	False	True	['Jolie']	I love these photos of me and Teddy!	1	1	1	0	1	8	11	8.0	1.375	3.7550000000000026
164	tunic.historicalsociety.closet.doorblock	81	closet	observations	False	True	['Jolie']	I feel like I'm forgetting something.	1	1	0	0	1	6	10	6.0	1.6666666666666667	6.416666666666668
165	tunic.capitol_0.hall.chap1_finale_c	11	hall	cutscenes	False	False	['gramps', 'Jolie']	Come on, Jo! Meet me back in my office and we'll get started!	2	2	2	0	2	13	16	6.5	1.2307692307692308	1.468076923076925
166	tunic.capitol_0.hall.gramps.hub	112	hall	persons	False	False	['gramps', 'Jolie']	null	1	1	0	0	2	1	1	1.0	1.0	-3.3999999999999986
167	tunic.capitol_0.hall.boss.chap1_finale_slipfirst_0_fail	109	hall	persons	False	False	['boss', 'Jolie']	That doesn't prove your case.	1	1	0	0	2	5	6	5.0	1.2	0.5199999999999996
168	tunic.capitol_0.hall.boss.chap1_finale_1	9	hall	persons	False	False	['boss', 'Jolie']	Ah, yes! The basketball jersey. IT'S NOT A JERSEY! How do you know?	3	4	2	1	2	13	17	3.25	1.3076923076923077	1.1082692307692312
169	tunic.capitol_0.hall.boss.chap1_finale_plaquefirst_0_fail	106	hall	persons	False	False	['boss', 'Jolie']	That doesn't prove your case.	1	1	0	0	2	5	6	5.0	1.2	0.5199999999999996
170	tunic.capitol_0.hall.boss.chap1_finale_0	8	hall	persons	False	False	['boss', 'Jolie']	Jolie! What are you doing here? The shirt is not a basketball jersey! Aha! Did you find something? What are you talking about? Gramps had me look for clues about the artifact. WELLS WAS WRONG AND GRAMPS WAS RIGHT!!! Hold on. Which artifact?	8	10	6	4	2	43	60	4.3	1.3953488372093024	2.552116279069768
171	tunic.capitol_0.hall.boss.chap1_finale_slipfirst_0	108	hall	persons	False	False	['boss', 'Jolie']	I found this slip on the shirt. It's from 1916! How does that prove our shirt is not a jersey?	2	3	1	1	2	20	22	6.666666666666667	1.1	-0.00999999999999801
172	tunic.capitol_0.hall.boss.chap1_finale_plaquefirst_1	107	hall	persons	False	False	['boss', 'Jolie']	I found this slip on the shirt. It's from 1916! Our shirt was around WAYYY before the women's basketball team!	2	3	2	0	2	20	26	6.666666666666667	1.3	2.3500000000000014
173	tunic.capitol_0.hall.boss.chap1_finale_plaquefirst_0	105	hall	persons	False	False	['boss', 'Jolie']	I checked the Basketball Center. The women's team didn't start until 1974! How does that prove our shirt is not a jersey?	2	3	1	1	2	22	30	7.333333333333333	1.3636363636363635	3.3609090909090895
174	tunic.capitol_0.hall.boss.chap1_finale_slipfirst_1	110	hall	persons	False	False	['boss', 'Jolie']	I checked the Basketball Center. The women's team didn't start until 1974! Our shirt was around WAYYY before the women's basketball team!	2	3	2	0	2	22	34	7.333333333333333	1.5454545454545454	5.506363636363638
175	tunic.capitol_0.hall.boss.chap1_finale_1_fail	104	hall	persons	False	False	['boss', 'Jolie']	That doesn't prove your case.	1	1	0	0	2	5	6	5.0	1.2	0.5199999999999996
176	tunic.capitol_0.hall.boss.talktogramps	111	hall	persons	False	False	['boss', 'Jolie']	Well? What are you still doing here? Go find your grampa and get to work!	2	3	1	2	2	15	18	5.0	1.2	0.5199999999999996
177	tunic.capitol_0.hall.boss.chap1_finale_0_fail	103	hall	persons	False	False	['boss', 'Jolie']	I don't think we have anything like THAT in the collections...	1	1	0	0	2	11	15	11.0	1.3636363636363635	4.790909090909089
178	tunic.capitol_0.hall.boss.chap1_finale_2	10	hall	persons	False	False	['boss', 'Jolie']	Wow! I think you're right, Jolie. Leopold, I need you to work on this right away. Yippee! How 'bout it, Jo? Want to help me investigate? Not really... Let me know when you figure it out. In the meantime, I need to have a word with Wells.	8	9	2	2	2	47	61	5.222222222222222	1.297872340425532	1.7615602836879454
179	tunic.humanecology.frontdesk.businesscards	135	frontdesk	objects	True	False	['Jolie']	Which place might know about the slip?	1	1	0	1	1	7	9	7.0	1.2857142857142858	2.3114285714285714
180	tunic.humanecology.frontdesk.businesscards.card_bingo.bingo	20	frontdesk	objects	True	False	['Jolie']	This place was around in 1916! I can start there!	1	2	2	0	1	10	13	5.0	1.3	1.7000000000000028
181	tunic.humanecology.frontdesk.worker.badger	136	frontdesk	persons	False	False	['worker', 'Jolie']	You haven't seen any badgers around here, have you? Badgers? No. But I hear the museum's got one on the loose! Yeah. Thanks anyway.	4	6	1	2	2	24	35	4.0	1.4583333333333333	3.178333333333331
182	tunic.humanecology.frontdesk.worker.intro	19	frontdesk	persons	False	False	['worker', 'Jolie']	Hello there! Wow! What is all this stuff? It's our Norwegian Craft exhibit! Can I give you the tour? Sorry, I'm in a hurry. Do you know what this slip is? Looks like a dry cleaning receipt. Ooh, thanks! Now I just need to find all the cleaners from wayyyy back in 1916. Yikes... this could take a while. Maybe I can help! I've got a stack of business cards from my favorite cleaners. Why don't you take a look?	13	15	5	4	2	80	101	5.333333333333333	1.2625	1.3874999999999993
183	tunic.humanecology.frontdesk.block_0	133	frontdesk	observations	False	True	['Jolie']	I should stay and look for clues!	1	1	1	0	1	7	7	7.0	1.0	-1.0599999999999987
184	tunic.humanecology.frontdesk.block_1	134	frontdesk	observations	False	True	['Jolie']	I wonder if there's a clue in those business cards...	1	1	0	0	1	10	15	10.0	1.5	6.010000000000002
185	tunic.nelson.trail.conclusion	76	trail	cutscenes	False	False	['gramps', 'Jolie']	Wow! The Capitol looks so pretty from here! Neat, isn't it? That's where it all happens. Wisconsin folks come together at the Capitol to make their voices heard. Like they did with Earth Day! You know, there's a nice little Earth Day display down the path. Go check it out! Aren't you coming too? Oh, you go ahead. I'll stay here and watch the sunset.	11	11	4	2	2	65	86	5.909090909090909	1.323076923076923	2.32685314685315
186	tunic.nelson.trail.display	78	trail	cutscenes	False	False	['Jolie']	Wow! Governor Nelson was just a normal guy from Wisconsin... And he changed the world! We should have a march, Teddy. No more plastic cups!!! üíö Maybe they'll even name a park after us! Except our park will have roller coasters, and cute animals, and snacks. Make sure to get plenty of rest tonight, Teddy. We've got work to do!	10	9	7	0	1	59	80	6.555555555555555	1.3559322033898304	2.966666666666665
187	tunic.nelson.trail.gramps.question	185	trail	persons	False	False	['gramps', 'Jolie']	You and Teddy go check out the Earth Day display. I'll stay here with the sunset.	2	2	0	0	2	16	20	8.0	1.25	2.280000000000001
188	tunic.nelson.trail.coffee	77	trail	observations	False	True	['Jolie']	Ugh! Somebody needs to do something about all these cups!	1	2	2	0	1	10	17	5.0	1.7	6.420000000000002
